id;votes;priority;severity;precedence
278610;44;0.6;1.0;
196675;65;0.6;0.1;
160988;116;0.6;1.0;
333402;40;0.6;0.6;
162376;62;0.6;0.8;
318232;24;0.6;0.4;
343506;9;0.6;0.6;
344502;162;0.6;0.8;
328312;41;0.6;0.6;
192686;73;0.6;0.2;
343979;24;0.6;0.8;
186083;59;0.6;0.8;
253886;58;0.6;1.0;
329910;69;0.6;0.4;
335760;83;0.6;1.0;
215723;73;0.6;0.4;
323404;57;0.6;1.0;
328104;206;0.6;0.8;
310073;48;0.6;1.0;
107744;22;0.6;0.1;
154043;28;0.6;0.2;
306373;99;0.6;0.4;
330221;104;0.6;0.55;
332935;52;0.6;0.2;
288835;46;0.6;0.6;
235862;117;0.6;0.2;
117283;140;0.8;0.6;
317576;3;0.6;0.4;
159779;38;0.6;0.6;
327842;65;0.6;0.8;
226771;1;0.6;0.1;
311608;92;0.6;0.6;
317964;95;0.6;0.4;
332605;48;0.6;1.0;
76205;53;0.6;0.2;
325877;190;0.6;0.6;
339627;114;0.6;1.0;
340670;36;0.6;0.4;
325035;42;0.6;0.6;
308614;41;0.6;0.4;
89576;54;0.6;0.2;300453,
338270;50;0.6;1.0;
343329;266;0.6;0.6;
88391;37;0.6;0.1;
243740;58;0.6;1.0;
345541;36;0.6;1.0;
345542;45;0.6;0.2;
238249;28;0.6;1.0;
316663;50;0.6;1.0;
153197;72;0.6;0.1;
269408;64;0.6;0.2;
330750;86;0.6;1.0;
244699;13;0.6;0.1;
186084;47;0.6;0.2;
59588;33;0.6;0.2;
328348;85;0.6;0.4;
334032;33;0.6;0.6;
279054;62;0.6;0.6;
345602;53;0.6;1.0;
248756;27;0.2;0.1;
344720;6;0.6;0.4;
293133;50;0.6;0.4;
312169;70;0.6;0.4;
342779;38;0.6;0.2;
335941;34;0.6;1.0;
81805;82;0.6;0.4;
200317;48;0.6;0.1;
335590;34;0.6;0.4;
82430;49;0.6;0.4;
90863;67;0.6;0.1;
343313;67;0.6;0.4;
156262;85;0.6;0.2;
146192;42;0.6;1.0;
188241;70;0.6;0.8;
345218;46;0.6;0.6;
307052;78;0.6;0.6;
338066;31;0.6;0.4;
343158;17;0.6;0.8;
330852;97;0.6;0.8;
146477;46;0.6;0.4;
333919;37;0.6;0.4;
328891;154;0.6;0.8;
172630;48;0.6;0.8;
342811;85;0.6;0.6;
313809;55;0.6;0.4;
331465;46;0.6;0.2;
176809;45;0.6;0.8;
315806;118;0.6;0.2;
345189;36;0.6;0.8;
331736;50;0.6;1.0;
175735;74;0.6;0.1;
336195;24;0.6;0.8;
336085;52;0.6;0.6;
335988;65;0.6;0.4;
339067;29;0.6;0.6;
336766;63;0.6;0.1;
156532;71;0.6;0.1;
177019;60;0.6;0.1;
322004;1;0.6;0.4;
332623;78;0.6;0.4;
198625;88;0.6;0.1;
324024;34;0.6;0.6;
134781;13;0.6;0.1;
332949;16;0.6;0.2;
338819;73;0.6;0.8;
321801;80;0.6;1.0;
300453;84;0.6;0.6;
317278;52;0.6;0.8;
344505;53;0.6;0.1;
120384;14;0.6;0.4;
328569;17;0.6;0.1;
334749;52;0.6;0.8;
335608;13;0.6;0.2;
338551;4;0.6;1.0;
321080;75;0.6;0.6;
344442;63;0.6;0.4;
143647;60;0.6;0.2;
127761;43;0.6;0.2;
319014;6;0.6;1.0;
345731;33;0.6;0.6;
341680;47;0.6;0.4;
343255;23;1.0;0.85;
127549;134;0.6;0.6;
267508;119;0.6;0.6;
341617;11;0.6;0.7;
241502;118;1.0;0.1;
315727;89;0.6;0.4;
173699;40;0.6;0.1;
331307;31;0.6;0.8;
296156;60;0.6;0.8;
329320;43;0.6;0.2;
138956;75;0.6;1.0;
338777;63;0.6;0.1;
324129;23;0.6;0.4;
334399;17;0.6;0.1;
343261;47;0.6;0.55;
333627;49;0.6;1.0;
128193;74;0.6;0.4;
241129;108;0.6;0.8;
160987;46;0.6;0.1;
221603;158;0.6;0.1;
344481;66;0.6;0.4;
159906;94;0.6;0.1;
187408;81;0.6;1.0;
126740;80;0.6;1.0;
174486;94;0.6;0.1;
282866;67;0.6;0.1;
143399;31;0.6;0.4;
333194;79;0.6;0.8;
245419;51;0.6;0.2;
181991;106;0.8;0.1;
339894;88;0.6;0.55;
315141;88;0.6;0.6;
329247;20;0.6;0.4;
205447;105;0.6;0.8;
332414;20;0.6;0.1;
127812;78;0.6;0.4;
142915;12;0.6;0.8;
126323;51;0.6;0.6;
274102;118;0.8;0.1;
272421;35;0.6;1.0;
242704;96;0.6;0.8;
293512;99;0.6;0.6;
342321;77;0.6;0.4;
333050;89;0.6;0.8;
313581;38;0.6;0.6;
338236;10;0.6;0.6;
330203;8;0.6;0.2;
333323;44;0.6;0.1;
338442;92;0.6;0.2;
333656;66;0.6;0.2;
346464;79;0.6;0.2;
203355;75;0.6;1.0;
302579;37;0.6;1.0;
288944;126;0.6;0.8;
176095;50;0.6;0.8;
189471;76;0.6;0.2;
145294;14;0.6;1.0;
59974;36;0.6;0.8;
344562;40;0.6;1.0;
334550;66;0.6;0.2;
190947;120;0.6;0.4;
124977;70;0.6;0.4;
148446;38;0.6;1.0;
344636;45;0.6;0.7;
345356;37;0.6;0.4;
146239;191;0.6;0.2;
314381;79;0.4;0.6;
345908;45;0.6;0.55;
83301;58;0.6;0.1;
342659;45;0.6;0.1;
335545;57;0.6;0.6;
343888;81;0.6;0.6;
323153;14;0.6;0.8;
267975;57;0.6;0.1;
328728;20;0.6;1.0;
135884;57;0.6;0.1;
193009;62;0.6;0.1;
336676;40;0.6;0.4;
333517;25;0.6;0.4;
344276;71;0.6;0.4;
44908;447;0.6;0.1;
325807;57;0.6;0.6;
312430;92;0.6;0.8;
109338;135;0.6;0.6;
140767;27;0.6;0.4;
227290;27;0.6;0.2;
207533;59;0.6;0.1;
145664;112;0.6;1.0;
330419;53;0.6;0.8;
153843;48;0.6;0.1;
319761;75;0.6;0.4;
111553;102;0.6;0.6;
112525;55;0.6;0.2;
186081;116;0.6;0.1;
175649;83;0.6;0.6;
323429;69;0.6;0.6;
324087;20;0.6;0.1;
141071;75;0.6;0.6;
248777;29;0.6;0.8;
294396;30;0.6;0.4;
191028;38;0.6;0.2;
318354;74;0.6;0.4;
126731;9;0.6;0.2;
343060;89;0.6;0.4;
195689;94;0.6;1.0;
242506;47;0.6;0.1;
330843;170;0.6;0.2;
297883;17;0.6;0.1;
311549;50;0.6;0.4;
333199;120;0.6;1.0;
269361;152;0.6;0.4;
226797;53;0.6;0.1;
335855;33;0.6;0.8;
342512;70;0.6;0.55;
345027;68;0.6;0.2;
302577;18;0.6;0.1;
154380;3;0.6;0.4;
159138;36;0.6;0.6;
306828;72;0.6;1.0;
333446;115;0.6;0.2;
333329;106;0.6;1.0;
320375;4;0.6;0.2;
120245;101;0.6;0.1;
299028;38;0.6;0.4;
344632;0;0.6;0.4;
298559;51;0.6;0.8;
186066;0;0.6;0.2;
333409;136;0.6;0.1;
344414;26;0.6;0.8;
340366;42;0.6;0.7;
331817;0;0.6;0.1;
324386;81;0.6;0.4;
342937;0;0.6;0.8;
189688;29;0.6;0.2;
333812;38;0.6;0.2;
342006;73;0.6;0.1;
345930;30;0.6;1.0;
344112;15;0.6;0.4;
331688;63;0.6;0.2;
113546;48;0.6;0.6;
338111;26;0.6;0.8;
315519;65;0.6;0.4;
331299;0;0.6;0.6;
226905;20;1.0;0.4;
323649;5;0.6;1.0;
176810;0;0.6;0.1;
329555;59;0.6;0.4;
166670;53;0.6;0.6;
124361;31;0.6;1.0;
333577;0;0.8;0.7;
309553;42;0.6;1.0;
332281;65;0.6;0.8;
244090;0;0.6;0.4;
197283;114;0.6;0.1;
125125;85;0.6;0.1;
323815;57;0.6;0.4;
117648;34;0.6;0.1;
154899;75;0.6;1.0;
330275;0;0.6;1.0;
148390;59;0.6;0.8;
344826;0;0.6;0.8;
344551;0;0.6;0.1;
199989;0;0.6;0.1;
340778;30;0.6;0.6;
256379;65;0.6;0.4;
135737;201;0.6;0.1;
219892;76;0.6;0.6;
283145;29;0.6;0.1;
236291;27;0.6;0.2;
313549;18;0.6;1.0;
338113;106;0.6;0.4;
92337;67;0.6;1.0;
332298;64;0.6;0.6;
333393;14;0.6;0.8;
346102;46;0.6;1.0;
172208;1;0.6;0.1;
292485;0;0.6;0.4;
226865;29;0.6;1.0;
196808;22;0.6;1.0;
210042;0;0.6;0.1;
